{"version":6,"hash":{"type":"Buffer","data":"aUzs9qrQdopj9gVUdyDTXqNhWceWWVdSmq5iC6RkIuWp4NHLyqbgFz83+7f171nD7V7fzu1zEO8qPPOgaNuQ9RBy2Rtq5i3ao6d8cBJJ3KWBxly7LV9895ofFfDFOhbVpq3jTQPWPZCrXsiLSDvXsvqm25HqcGJ4WjKs7gBE350="},"indexValueMap":{"PnZMnRBRSi1UQLi1eLv0xz0cDNh28YfafyGowz1ev8k=":{"valueMac":{"type":"Buffer","data":"kD9PpJ/upciOt4I7G6eENeOIV2if3Mjm/CbKKwDXyos="}},"rDqmjqxddsZd3obnpAzQ2u6iO8jfKNhIck64136LDQU=":{"valueMac":{"type":"Buffer","data":"hfaavPywK4wlM07F81A2DIItj4KcThj3RtpHR9wuEHk="}},"6EJKyKLknVzyboAnMo7/wC4BTtzDPcYDpyisyegGP/s=":{"valueMac":{"type":"Buffer","data":"/RWvDOG7v511iR9Utb43DDO+FmBbDZy3CF2A28D63BE="}},"ggA65rsXaDwNbbN1bDYnA/tEFbZoRA3xeBbng3xiBd8=":{"valueMac":{"type":"Buffer","data":"iwwTeDRAUBtHbtc9QeIaYIO6QlOJnXp8u8kZhnYvSPI="}},"6Dc8QRClKm0GCVJgqwi09cVRf7yPySBDx932dc74hfA=":{"valueMac":{"type":"Buffer","data":"p5eSlKVvl/CrxXtEfd7VMZpJy3PKZE7XnTDycFrjDdQ="}},"5nmc+GS9ulydU2syeDM27GJE1Lj4ljnChW/D3FP645g=":{"valueMac":{"type":"Buffer","data":"H+2dQc+2STo25ZT82pk1u2mOZbWExaDpgMLgO1EPKkI="}},"8iHxDn8eOhekrEg2SreLL7ltNEk84YOOf6N7t+ubNVM=":{"valueMac":{"type":"Buffer","data":"SHhSqTKuV5ThPcccnOdjlTTdOUbl7I/FUVpc4B3VAaE="}},"gNrV+B3CpijAEl7tPImpP7qQ2atD3GTpvykA5zZUhH0=":{"valueMac":{"type":"Buffer","data":"EGBoQyeUBDoubXdobFODhUNk7Dn1y9mfGtkrGxHHou8="}},"7VOfmRhwYos0ZFj2ewBCQeAogxgzFl2IXHaBi2EW190=":{"valueMac":{"type":"Buffer","data":"k8JwC/slrcB5XskXZhW0imMEO3x/XzlPZT/LtK/PNjk="}},"YB94knSm4RgIgv3FusVR1qQ+MApMmJW/wD78IUR/8ys=":{"valueMac":{"type":"Buffer","data":"rhvOSR758OGvZSWEONeHcOj/ZpQluGp19kNH+lBB7RM="}},"mCbUZD5jw6xWq0dPMU+P7GgVEBqEoZ8NHu/WFnUSoCc=":{"valueMac":{"type":"Buffer","data":"gB7yDlu6ULV0TN/Oq5JS1xMs9tUgEmdbiNNy4n34S5M="}},"0hF1mTkF4pzH+796Y/7axvFNvcnpvf5LEAkODFRcZDE=":{"valueMac":{"type":"Buffer","data":"cZWyeCCcEjhaeUeEG9iVjlQ1SawvFWWxoOON+6WxKVQ="}},"rKvf7LJnN8GizTsJNv9OyXDOq0nGJ6XCJcdTi3uSAzE=":{"valueMac":{"type":"Buffer","data":"feYHKJU+KjQE1LCHssgO37FPGTeHdVyZeea1QYbNB7c="}}}}