{"_sessions":{"BThG4RknmsxtdjJB+0H72R4L+eir4ICg0E7y6aVIPJkA":{"registrationId":994977130,"currentRatchet":{"ephemeralKeyPair":{"pubKey":"BayzwJWjgM7Apcp6COiGctmIZDdOqoMwPIGxuZ1YGCBP","privKey":"QKb8phLnkmQYauJOd/QXeAkGsp/dsY6L7SSQCnIkcXo="},"lastRemoteEphemeralKey":"BU2+5k5xvBZ4LVYpwn0uY3ur4VEBi1MjJT7rqNg26g0Q","previousCounter":0,"rootKey":"7xpkDY3Iaxl/zonc2rTXlvw7UvHd1eSG1iCw9tjoZek="},"indexInfo":{"baseKey":"BThG4RknmsxtdjJB+0H72R4L+eir4ICg0E7y6aVIPJkA","baseKeyType":2,"closed":-1,"used":1716035332683,"created":1716035332683,"remoteIdentityKey":"BUJOORS5svsqyrdqPEiJighBp7+ZbWQZ0agq1Klkmc9V"},"_chains":{"BU2+5k5xvBZ4LVYpwn0uY3ur4VEBi1MjJT7rqNg26g0Q":{"chainKey":{"counter":8,"key":"h9wbZQOVZQv61VVR9OTURfVd1ieBJRGJAz8FopIcMb0="},"chainType":2,"messageKeys":{}},"BayzwJWjgM7Apcp6COiGctmIZDdOqoMwPIGxuZ1YGCBP":{"chainKey":{"counter":5,"key":"PMx3mCWx2gdVxZ0vBHtnxUA/njHGXJK9U54i8cQjO1s="},"chainType":1,"messageKeys":{}}}}},"version":"v1"}