{"_sessions":{"BRFbhBokLUdENZrJUktLyP+8K1WSBKoPrZHoxVMWOBFR":{"registrationId":238076727,"currentRatchet":{"ephemeralKeyPair":{"pubKey":"BYVoIyRV0Hmqz96k0RWdoevtHtxLS3Rm+VwCDmZo7uQ0","privKey":"wNdk/Gx7dKvuxOGTAr3AF7AuaWvCZddbz6ZqREfoeUM="},"lastRemoteEphemeralKey":"BbyXrWijXtFXUyyyPOZK8RwYpJpi6y0Zb0xKqRvv1QkQ","previousCounter":0,"rootKey":"llubmgDRhlGUwn6GzPEX6pyEf008kiUMfDtMc21OhUc="},"indexInfo":{"baseKey":"BRFbhBokLUdENZrJUktLyP+8K1WSBKoPrZHoxVMWOBFR","baseKeyType":2,"closed":-1,"used":1716035371485,"created":1716035371485,"remoteIdentityKey":"BWPl80FP6YeAm8ECNQ7rB+fphBcOfsI3/a7x0HSz6/RS"},"_chains":{"BbyXrWijXtFXUyyyPOZK8RwYpJpi6y0Zb0xKqRvv1QkQ":{"chainKey":{"counter":0,"key":"DsE4RmICN0k/RwxUUkq8IpKLzqBe1z6gp/Mkhuw6Vko="},"chainType":2,"messageKeys":{}},"BYVoIyRV0Hmqz96k0RWdoevtHtxLS3Rm+VwCDmZo7uQ0":{"chainKey":{"counter":-1,"key":"Aptuw17YIaqWTv/vipVUUH655ff3KSfVY90OlB9pa4Y="},"chainType":1,"messageKeys":{}}}}},"version":"v1"}