{"_sessions":{"BYzkXo83zvW4IwjZzvNw5OVP00zBRAEUc87unq4i0MZr":{"registrationId":325645975,"currentRatchet":{"ephemeralKeyPair":{"pubKey":"BXGKtxWuvbv2j+kZFZbKDff0o/vopSZiFPJVnlhy6SRc","privKey":"ME2brXepJS5QFsswZfe2jU9ac6JcAtsTZ29xAW8JCU4="},"lastRemoteEphemeralKey":"BYuVJJcLHCabslXOdPewWKUw4aSTavqtGovELlWMwfQm","previousCounter":0,"rootKey":"jItpDuYC2PXGd/AO5oC/t/zXldOMSiCHcS2EgtWebTQ="},"indexInfo":{"baseKey":"BYzkXo83zvW4IwjZzvNw5OVP00zBRAEUc87unq4i0MZr","baseKeyType":2,"closed":-1,"used":1716035360886,"created":1716035360886,"remoteIdentityKey":"Bc/HL6fXkoSenxYyVOLB+VmmA9bS0vfui4dhQPqXF6Eu"},"_chains":{"BYuVJJcLHCabslXOdPewWKUw4aSTavqtGovELlWMwfQm":{"chainKey":{"counter":0,"key":"6R30RCETipyp6BLPyBJBQrYsgrkTkKO9FF8ZNURMinE="},"chainType":2,"messageKeys":{}},"BXGKtxWuvbv2j+kZFZbKDff0o/vopSZiFPJVnlhy6SRc":{"chainKey":{"counter":-1,"key":"eR5YULGBvllOfEMdU5Tl0kDXLDxhzjk4emRtrUjlLY8="},"chainType":1,"messageKeys":{}}}}},"version":"v1"}