{"_sessions":{"BUl9/UqkcmKd3yJE0CAaZ2txvNfTpVpmwDOED8Q4hfgP":{"registrationId":328844580,"currentRatchet":{"ephemeralKeyPair":{"pubKey":"BeMS8inUKWVqP7NE+MfsydvqDUdOHk4SOAVdS+MC7psx","privKey":"ACYkg/eDDovcA9BJKtfGqBSPYfmjAUUwOP04wVoa6FU="},"lastRemoteEphemeralKey":"BcFkhYfcTz15Ewnr5Fawzk00TawqzS9ziLl9ZvKhIWgl","previousCounter":0,"rootKey":"AnELXMA9Le4aG8XtNfnIHFan9xT8yodWE81BtmGKOkI="},"indexInfo":{"baseKey":"BUl9/UqkcmKd3yJE0CAaZ2txvNfTpVpmwDOED8Q4hfgP","baseKeyType":2,"closed":-1,"used":1716035367543,"created":1716035367543,"remoteIdentityKey":"BePSiOW7km+QTyi17bfGiyQuJdipfJYEG+QsrMOPiuht"},"_chains":{"BcFkhYfcTz15Ewnr5Fawzk00TawqzS9ziLl9ZvKhIWgl":{"chainKey":{"counter":0,"key":"dqJxdzTUIsCLGDHUsLV5ijVaTPJ7w2j+lonrIPNz0VM="},"chainType":2,"messageKeys":{}},"BeMS8inUKWVqP7NE+MfsydvqDUdOHk4SOAVdS+MC7psx":{"chainKey":{"counter":-1,"key":"6GA0WcqVYrEZmbCB6JIP20BIt74Vky9tCJAB3fGjAOQ="},"chainType":1,"messageKeys":{}}}}},"version":"v1"}