{"_sessions":{"BWLR6e7xnuFcqXhq+wrzY7IbBzr3ghE/F0gh6nc9j4NS":{"registrationId":1940361880,"currentRatchet":{"ephemeralKeyPair":{"pubKey":"Bdsd5+t1jKcWRuDQwQBeoN48EzYK+WA0GhqHXUUOStIk","privKey":"eNF8td+2T5pgRsv91PKnHkoMv+lasCuk0OPz2VjAaHs="},"lastRemoteEphemeralKey":"BXKgGJGuW/3Jn6mnHn3pZhOEIKiMsvWQhZQOFHH/zW9Q","previousCounter":0,"rootKey":"vUKhRMb2/7A1SVJivDd1YX3V8R6pub7wCQ1gtC4juq8="},"indexInfo":{"baseKey":"BWLR6e7xnuFcqXhq+wrzY7IbBzr3ghE/F0gh6nc9j4NS","baseKeyType":2,"closed":-1,"used":1716035336358,"created":1716035336358,"remoteIdentityKey":"BZ84tmwc0aND6aCMJL/7P0rHfl4xni05bhIvdSB1gkN2"},"_chains":{"BXKgGJGuW/3Jn6mnHn3pZhOEIKiMsvWQhZQOFHH/zW9Q":{"chainKey":{"counter":1,"key":"D5T4vtIcUTIOFJyqupJTWRIbmaFZiYCX3x04MiTTGOE="},"chainType":2,"messageKeys":{}},"Bdsd5+t1jKcWRuDQwQBeoN48EzYK+WA0GhqHXUUOStIk":{"chainKey":{"counter":-1,"key":"0RQ++Y1SPrKexAYakDvmw400Zb5P6e177ww5HNa6Y+Q="},"chainType":1,"messageKeys":{}}}}},"version":"v1"}